model,parameters_b,precision,quantization,context_tokens,output_tokens,latency_s,generation_tok_s,peak_vram_gb,memory_per_billion_params_gb,tokens_per_gb,vram_utilization_pct,hardware,gpu,gpu_vram_gb,backend,source_file
Qwen/Qwen2.5-0.5B-Instruct,0.5,BF16,none,512,128.0,1.6618415778502822,77.0229856479928,5.104381561279297,10.208763122558594,15.089582297740442,2.6585320631663008,AMD Instinct MI300X,AMD Instinct MI300X,192,Transformers,amd_llm_lab_qwen05b_bf16.csv
Qwen/Qwen2.5-0.5B-Instruct,0.5,BF16,none,1024,128.0,1.6707919538021088,76.61037612056906,5.127712249755859,10.255424499511719,14.940459290440222,2.67068346341451,AMD Instinct MI300X,AMD Instinct MI300X,192,Transformers,amd_llm_lab_qwen05b_bf16.csv
Qwen/Qwen2.5-0.5B-Instruct,0.5,BF16,none,2048,128.0,1.634396219626069,78.31638281033526,5.174587249755859,10.349174499511719,15.134807672637132,2.69509752591451,AMD Instinct MI300X,AMD Instinct MI300X,192,Transformers,amd_llm_lab_qwen05b_bf16.csv
Qwen/Qwen2.5-0.5B-Instruct,0.5,BF16,none,4096,128.0,1.6674341056495905,76.76465268781006,5.267910003662109,10.535820007324219,14.572126827232305,2.7437031269073486,AMD Instinct MI300X,AMD Instinct MI300X,192,Transformers,amd_llm_lab_qwen05b_bf16.csv
Qwen/Qwen2.5-0.5B-Instruct,0.5,BF16,none,8192,128.0,1.647003977559507,77.71687363479685,5.455806732177734,10.911613464355469,14.244799614405597,2.8415660063425703,AMD Instinct MI300X,AMD Instinct MI300X,192,Transformers,amd_llm_lab_qwen05b_bf16.csv
Qwen/Qwen2.5-3B-Instruct,3.086,BF16,none,512,128.0,2.3246013754978776,55.06320410422422,9.964275360107422,3.2288643422253474,5.5260620681633394,5.189726750055948,AMD Instinct MI300X,AMD Instinct MI300X,192,Transformers,amd_llm_lab_qwen3b_bf16.csv
Qwen/Qwen2.5-3B-Instruct,3.086,BF16,none,1024,128.0,2.229436432011425,57.41361276872864,10.022029876708984,3.247579350845426,5.72874093123159,5.219807227452597,AMD Instinct MI300X,AMD Instinct MI300X,192,Transformers,amd_llm_lab_qwen3b_bf16.csv
Qwen/Qwen2.5-3B-Instruct,3.086,BF16,none,2048,128.0,2.2936463225632906,55.80633715879619,10.13686752319336,3.2847918092007,5.505284253849639,5.279618501663208,AMD Instinct MI300X,AMD Instinct MI300X,192,Transformers,amd_llm_lab_qwen3b_bf16.csv
Qwen/Qwen2.5-3B-Instruct,3.086,BF16,none,4096,128.0,2.2483896818012,56.92963325532536,10.368783950805664,3.3599429523025486,5.49048311985533,5.400408307711283,AMD Instinct MI300X,AMD Instinct MI300X,192,Transformers,amd_llm_lab_qwen3b_bf16.csv
Qwen/Qwen2.5-3B-Instruct,3.086,BF16,none,8192,128.0,2.9750549951568246,43.02441474472734,10.82143783569336,3.506622759459935,3.97585010402369,5.636165539423624,AMD Instinct MI300X,AMD Instinct MI300X,192,Transformers,amd_llm_lab_qwen3b_bf16.csv
Qwen/Qwen2.5-7B-Instruct,7.615,BF16,none,512,128.0,1.916725709103048,66.78055153749618,18.440184593200684,2.4215606819698863,3.6214687114422754,9.60426280895869,AMD Instinct MI300X,AMD Instinct MI300X,192,Transformers,amd_llm_lab_qwen7b_bf16.csv
Qwen/Qwen2.5-7B-Instruct,7.615,BF16,none,1024,128.0,1.880497245118022,68.06710317300497,18.536635398864743,2.4342265789710757,3.6720311808675734,9.654497603575386,AMD Instinct MI300X,AMD Instinct MI300X,192,Transformers,amd_llm_lab_qwen7b_bf16.csv
Qwen/Qwen2.5-7B-Instruct,7.615,BF16,none,2048,128.0,1.859461568295956,68.83713123326422,18.730252265930176,2.4596523001878103,3.675184415880885,9.755339721838634,AMD Instinct MI300X,AMD Instinct MI300X,192,Transformers,amd_llm_lab_qwen7b_bf16.csv
Qwen/Qwen2.5-7B-Instruct,7.615,BF16,none,4096,128.0,2.0996025167405605,60.96392006555041,19.10752773284912,2.509196025324901,3.190570801095474,9.951837360858917,AMD Instinct MI300X,AMD Instinct MI300X,192,Transformers,amd_llm_lab_qwen7b_bf16.csv
Qwen/Qwen2.5-7B-Instruct,7.615,BF16,none,8192,128.0,2.9191179294139147,43.84886225740773,19.87199306488037,2.6095854320263125,2.2065658997688313,10.349996387958527,AMD Instinct MI300X,AMD Instinct MI300X,192,Transformers,amd_llm_lab_qwen7b_bf16.csv
Qwen/Qwen2.5-7B-Instruct,7.615,INT8,qint8,512,128.0,4.078340972773731,31.38531105037684,27.00535488128662,3.5463368196042837,1.1621884321959164,14.065289000670115,AMD Instinct MI300X,AMD Instinct MI300X,192,Transformers + Optimum Quanto,amd_llm_lab_qwen7b_int8_quanto.csv
Qwen/Qwen2.5-7B-Instruct,7.615,INT8,qint8,1024,128.0,4.20657473988831,30.42855717889813,27.03762626647949,3.550574690279644,1.1254152594239615,14.082097013791401,AMD Instinct MI300X,AMD Instinct MI300X,192,Transformers + Optimum Quanto,amd_llm_lab_qwen7b_int8_quanto.csv
Qwen/Qwen2.5-7B-Instruct,7.615,INT8,qint8,2048,128.0,4.39357778057456,29.133432112191056,27.09659194946289,3.558318049830977,1.0751696068098535,14.112808307011923,AMD Instinct MI300X,AMD Instinct MI300X,192,Transformers + Optimum Quanto,amd_llm_lab_qwen7b_int8_quanto.csv
Qwen/Qwen2.5-7B-Instruct,7.615,INT8,qint8,4096,128.0,4.772557535208762,26.820001446960244,27.21921157836914,3.5744204305146607,0.9853335159889001,14.17667269706726,AMD Instinct MI300X,AMD Instinct MI300X,192,Transformers + Optimum Quanto,amd_llm_lab_qwen7b_int8_quanto.csv
Qwen/Qwen2.5-7B-Instruct,7.615,INT8,qint8,8192,128.0,5.588818358257413,22.90287352260814,27.485651969909668,3.609409319751762,0.8332665183886271,14.315443734327951,AMD Instinct MI300X,AMD Instinct MI300X,192,Transformers + Optimum Quanto,amd_llm_lab_qwen7b_int8_quanto.csv
Qwen/Qwen2.5-7B-Instruct,7.615,INT4,qint4,512,128.0,6.544702399522066,19.55780296585332,24.43785762786865,3.209173687179074,0.8003075909383247,12.728050847848255,AMD Instinct MI300X,AMD Instinct MI300X,192,Transformers + Optimum Quanto,amd_llm_lab_qwen7b_int4_quanto.csv
Qwen/Qwen2.5-7B-Instruct,7.615,INT4,qint4,1024,128.0,6.644339265301824,19.264518997162543,24.482494354248047,3.215035371536185,0.7868691285461232,12.751299142837524,AMD Instinct MI300X,AMD Instinct MI300X,192,Transformers + Optimum Quanto,amd_llm_lab_qwen7b_int4_quanto.csv
Qwen/Qwen2.5-7B-Instruct,7.615,INT4,qint4,2048,128.0,6.83556360937655,18.725595622344663,24.52782821655273,3.220988603618218,0.7634428721947587,12.774910529454548,AMD Instinct MI300X,AMD Instinct MI300X,192,Transformers + Optimum Quanto,amd_llm_lab_qwen7b_int4_quanto.csv
Qwen/Qwen2.5-7B-Instruct,7.615,INT4,qint4,4096,128.0,7.2330384543165565,17.696573965207076,24.651721954345703,3.2372582999797377,0.7178636039291955,12.839438517888388,AMD Instinct MI300X,AMD Instinct MI300X,192,Transformers + Optimum Quanto,amd_llm_lab_qwen7b_int4_quanto.csv
Qwen/Qwen2.5-7B-Instruct,7.615,INT4,qint4,8192,128.0,8.081538647413254,15.838568072797669,24.895732879638672,3.2693017570109877,0.6361960963098003,12.966527541478476,AMD Instinct MI300X,AMD Instinct MI300X,192,Transformers + Optimum Quanto,amd_llm_lab_qwen7b_int4_quanto.csv
Qwen/Qwen2.5-7B-Instruct,7.615,INT2,qint2,512,128.0,6.324598975479603,20.238437329584773,13.148418426513672,1.7266471998048156,1.5392297897041471,6.848134597142537,AMD Instinct MI300X,AMD Instinct MI300X,192,Transformers + Optimum Quanto,amd_llm_lab_qwen7b_int2_quanto.csv
Qwen/Qwen2.5-7B-Instruct,7.615,INT2,qint2,1024,128.0,6.421163618564606,19.934081671728723,13.18782901763916,1.7318225893157138,1.5115514194994661,6.868660946687062,AMD Instinct MI300X,AMD Instinct MI300X,192,Transformers + Optimum Quanto,amd_llm_lab_qwen7b_int2_quanto.csv
Qwen/Qwen2.5-7B-Instruct,7.615,INT2,qint2,2048,128.0,6.637050920166075,19.28567394459543,13.237160682678224,1.738300811907843,1.4569343386329154,6.894354522228243,AMD Instinct MI300X,AMD Instinct MI300X,192,Transformers + Optimum Quanto,amd_llm_lab_qwen7b_int2_quanto.csv
Qwen/Qwen2.5-7B-Instruct,7.615,INT2,qint2,4096,128.0,7.025912052951753,18.218275297969917,13.361001014709473,1.7545634950373568,1.3635411955970174,6.958854695161183,AMD Instinct MI300X,AMD Instinct MI300X,192,Transformers + Optimum Quanto,amd_llm_lab_qwen7b_int2_quanto.csv
Qwen/Qwen2.5-7B-Instruct,7.615,INT2,qint2,8192,128.0,7.812604608014226,16.383780624031157,13.605984687805176,1.786734693080128,1.2041598605292916,7.086450358231862,AMD Instinct MI300X,AMD Instinct MI300X,192,Transformers + Optimum Quanto,amd_llm_lab_qwen7b_int2_quanto.csv
Qwen/Qwen2.5-14B-Instruct,14.77,BF16,none,512,128.0,3.1381945684552197,40.787783296371,31.82418632507324,2.1546503943854596,1.2816598947648707,16.57509704430898,AMD Instinct MI300X,AMD Instinct MI300X,192,Transformers,amd_llm_lab_qwen14b_bf16.csv
Qwen/Qwen2.5-14B-Instruct,14.77,BF16,none,1024,128.0,3.173759738914669,40.33071515481893,31.98867416381836,2.1657870117683387,1.2607810798371901,16.660767793655396,AMD Instinct MI300X,AMD Instinct MI300X,192,Transformers,amd_llm_lab_qwen14b_bf16.csv
Qwen/Qwen2.5-14B-Instruct,14.77,BF16,none,2048,128.0,3.102750808931887,41.253715777472834,32.28797721862793,2.1860512673410923,1.2776804040134262,16.816654801368713,AMD Instinct MI300X,AMD Instinct MI300X,192,Transformers,amd_llm_lab_qwen14b_bf16.csv
Qwen/Qwen2.5-14B-Instruct,14.77,BF16,none,4096,128.0,3.59475217293948,35.607461611277806,32.89985466003418,2.2274783114444268,1.0822984471883625,17.1353409687678,AMD Instinct MI300X,AMD Instinct MI300X,192,Transformers,amd_llm_lab_qwen14b_bf16.csv
Qwen/Qwen2.5-14B-Instruct,14.77,BF16,none,8192,128.0,5.12313187122345,24.984717008549783,34.11732292175293,2.309906765183001,0.7323176283746381,17.769439021746315,AMD Instinct MI300X,AMD Instinct MI300X,192,Transformers,amd_llm_lab_qwen14b_bf16.csv
Qwen/Qwen2.5-14B-Instruct,14.77,INT4,qint4,512,128.0,12.171524559147656,10.516348989642392,19.45339107513428,1.3170880890409127,0.5405920720467395,10.131974518299105,AMD Instinct MI300X,AMD Instinct MI300X,192,Transformers + Optimum Quanto,amd_llm_lab_qwen14b_int4_quanto.csv
Qwen/Qwen2.5-14B-Instruct,14.77,INT4,qint4,2048,128.0,12.69630157481879,10.081676088560217,19.700485229492188,1.333817551082748,0.5117476027173006,10.260669390360516,AMD Instinct MI300X,AMD Instinct MI300X,192,Transformers + Optimum Quanto,amd_llm_lab_qwen14b_int4_quanto.csv
Qwen/Qwen2.5-14B-Instruct,14.77,INT4,qint4,4096,128.0,13.409910693764688,9.545179153170436,20.08892822265625,1.3601170089814658,0.47514626202932037,10.462983449300129,AMD Instinct MI300X,AMD Instinct MI300X,192,Transformers + Optimum Quanto,amd_llm_lab_qwen14b_int4_quanto.csv
Qwen/Qwen2.5-14B-Instruct,14.77,INT4,qint4,8192,128.0,14.94464658666402,8.564939910604634,20.87738037109375,1.4134990095527251,0.4102497419869504,10.87363560994466,AMD Instinct MI300X,AMD Instinct MI300X,192,Transformers + Optimum Quanto,amd_llm_lab_qwen14b_int4_quanto.csv
Qwen/Qwen2.5-32B-Instruct,32.76,BF16,none,512,128.0,4.265171840786934,30.010514178107236,65.40868949890137,1.9966022435562079,0.45881540217391614,34.067025780677795,AMD Instinct MI300X,AMD Instinct MI300X,192,Transformers,amd_llm_lab_qwen32b_bf16.csv
Qwen/Qwen2.5-32B-Instruct,32.76,BF16,none,2048,128.0,4.704810098744929,27.20619904173087,66.08634757995605,2.0172877771659357,0.41167654194862013,34.41997269789378,AMD Instinct MI300X,AMD Instinct MI300X,192,Transformers,amd_llm_lab_qwen32b_bf16.csv
Qwen/Qwen2.5-32B-Instruct,32.76,BF16,none,4096,128.0,5.777319584041834,22.155603154369857,66.9814281463623,2.0446101387778484,0.33077233148802465,34.886160492897034,AMD Instinct MI300X,AMD Instinct MI300X,192,Transformers,amd_llm_lab_qwen32b_bf16.csv
Qwen/Qwen2.5-32B-Instruct,32.76,BF16,none,8192,128.0,7.996895384043455,16.006211642508646,68.76530265808105,2.099062962700887,0.23276581391774986,35.81526180108388,AMD Instinct MI300X,AMD Instinct MI300X,192,Transformers,amd_llm_lab_qwen32b_bf16.csv
Qwen/Qwen2.5-32B-Instruct,32.76,INT4,qint4,512,128.0,25.99401137605309,4.924211124948557,28.38179302215576,0.866355098356403,0.1734989442388138,14.782183865706125,AMD Instinct MI300X,AMD Instinct MI300X,192,Transformers + Optimum Quanto,amd_llm_lab_qwen32b_int4_quanto.csv
Qwen/Qwen2.5-32B-Instruct,32.76,INT4,qint4,2048,128.0,26.676655479706824,4.798202686891195,28.72066307067871,0.8766991169315846,0.16706448159233975,14.958678682645163,AMD Instinct MI300X,AMD Instinct MI300X,192,Transformers + Optimum Quanto,amd_llm_lab_qwen32b_int4_quanto.csv
Qwen/Qwen2.5-32B-Instruct,32.76,INT4,qint4,4096,128.0,27.79033186659217,4.6059183681024605,29.22905731201172,0.8922178666670244,0.1575801203212138,15.223467350006104,AMD Instinct MI300X,AMD Instinct MI300X,192,Transformers + Optimum Quanto,amd_llm_lab_qwen32b_int4_quanto.csv
Qwen/Qwen2.5-32B-Instruct,32.76,INT4,qint4,8192,128.0,29.96159607265145,4.2721355594549495,30.26677703857422,0.9238942929967711,0.14114933856387232,15.763946374257406,AMD Instinct MI300X,AMD Instinct MI300X,192,Transformers + Optimum Quanto,amd_llm_lab_qwen32b_int4_quanto.csv
Qwen/Qwen2.5-1.5B-Instruct,1.544,FP16,none,512,128.0,,70.73992835740675,4.203003406524658,2.722152465365711,16.83080443084855,2.189064274231593,AMD Instinct MI300X,AMD Instinct MI300X,192,Transformers,amd_llm_lab_qwen15b_baseline.csv
Qwen/Qwen2.5-1.5B-Instruct,1.544,INT4,qint4,512,128.0,,25.16839009433536,4.8243021965026855,3.1245480547297184,5.217001147353674,2.512657394011815,AMD Instinct MI300X,AMD Instinct MI300X,192,Optimum Quanto,amd_llm_lab_qwen15b_baseline.csv
Qwen/Qwen2.5-1.5B-Instruct,1.544,FP16,none,1024,128.0,,70.9913163498229,4.245750904083252,2.749838668447702,16.720556140387004,2.2113285958766937,AMD Instinct MI300X,AMD Instinct MI300X,192,Transformers,amd_llm_lab_qwen15b_baseline.csv
Qwen/Qwen2.5-1.5B-Instruct,1.544,INT4,qint4,1024,128.0,,25.78876221691681,4.838097095489502,3.1334825747989004,5.330352348852062,2.5198422372341156,AMD Instinct MI300X,AMD Instinct MI300X,192,Optimum Quanto,amd_llm_lab_qwen15b_baseline.csv
Qwen/Qwen2.5-1.5B-Instruct,1.544,FP16,none,2048,128.0,,70.36142691349045,4.336771488189697,2.8087898239570577,16.224379611677783,2.2587351500988007,AMD Instinct MI300X,AMD Instinct MI300X,192,Transformers,amd_llm_lab_qwen15b_baseline.csv
Qwen/Qwen2.5-1.5B-Instruct,1.544,INT4,qint4,2048,128.0,,25.87080269119475,4.8849921226501465,3.163855001716416,5.29597633765674,2.5442667305469513,AMD Instinct MI300X,AMD Instinct MI300X,192,Optimum Quanto,amd_llm_lab_qwen15b_baseline.csv
Qwen/Qwen2.5-1.5B-Instruct,1.544,FP16,none,4096,128.0,,67.73594398796442,4.5214715003967285,2.9284141841947724,14.980951219535731,2.354933073123296,AMD Instinct MI300X,AMD Instinct MI300X,192,Transformers,amd_llm_lab_qwen15b_baseline.csv
Qwen/Qwen2.5-1.5B-Instruct,1.544,INT4,qint4,4096,128.0,,25.545011110835517,4.9321770668029785,3.1944151987065923,5.179256698379994,2.5688422222932177,AMD Instinct MI300X,AMD Instinct MI300X,192,Optimum Quanto,amd_llm_lab_qwen15b_baseline.csv
Qwen/Qwen2.5-1.5B-Instruct,1.544,FP16,none,8192,128.0,,58.13159497561889,4.884462833404541,3.1635121978008685,11.901328141563589,2.543991059064865,AMD Instinct MI300X,AMD Instinct MI300X,192,Transformers,amd_llm_lab_qwen15b_baseline.csv
Qwen/Qwen2.5-1.5B-Instruct,1.544,INT4,qint4,8192,128.0,,24.484239970800022,5.052387714385986,3.272271835742219,4.846073055930463,2.6314519345760345,AMD Instinct MI300X,AMD Instinct MI300X,192,Optimum Quanto,amd_llm_lab_qwen15b_baseline.csv
