context,output_tokens,latency_s,generation_tok_s,peak_vram_gb,model,parameters_b,dtype,hardware,precision,quantization,backend
512,128,1.9167257091030478,66.78055153749618,18.440184593200684,Qwen/Qwen2.5-7B-Instruct,7.615,BF16,AMD Instinct MI300X,BF16,none,Transformers
1024,128,1.880497245118022,68.06710317300497,18.536635398864746,Qwen/Qwen2.5-7B-Instruct,7.615,BF16,AMD Instinct MI300X,BF16,none,Transformers
2048,128,1.8594615682959557,68.83713123326422,18.730252265930176,Qwen/Qwen2.5-7B-Instruct,7.615,BF16,AMD Instinct MI300X,BF16,none,Transformers
4096,128,2.0996025167405605,60.96392006555041,19.10752773284912,Qwen/Qwen2.5-7B-Instruct,7.615,BF16,AMD Instinct MI300X,BF16,none,Transformers
8192,128,2.9191179294139147,43.84886225740773,19.87199306488037,Qwen/Qwen2.5-7B-Instruct,7.615,BF16,AMD Instinct MI300X,BF16,none,Transformers
512,128,4.078340972773731,31.38531105037684,27.00535488128662,Qwen/Qwen2.5-7B-Instruct,7.615,INT8,AMD Instinct MI300X,,qint8,Transformers + Optimum Quanto
1024,128,4.20657473988831,30.428557178898135,27.037626266479492,Qwen/Qwen2.5-7B-Instruct,7.615,INT8,AMD Instinct MI300X,,qint8,Transformers + Optimum Quanto
2048,128,4.39357778057456,29.133432112191056,27.09659194946289,Qwen/Qwen2.5-7B-Instruct,7.615,INT8,AMD Instinct MI300X,,qint8,Transformers + Optimum Quanto
4096,128,4.772557535208762,26.820001446960244,27.21921157836914,Qwen/Qwen2.5-7B-Instruct,7.615,INT8,AMD Instinct MI300X,,qint8,Transformers + Optimum Quanto
8192,128,5.588818358257413,22.90287352260814,27.485651969909668,Qwen/Qwen2.5-7B-Instruct,7.615,INT8,AMD Instinct MI300X,,qint8,Transformers + Optimum Quanto
512,128,6.544702399522066,19.55780296585332,24.437857627868652,Qwen/Qwen2.5-7B-Instruct,7.615,INT4,AMD Instinct MI300X,,qint4,Transformers + Optimum Quanto
1024,128,6.644339265301824,19.264518997162543,24.482494354248047,Qwen/Qwen2.5-7B-Instruct,7.615,INT4,AMD Instinct MI300X,,qint4,Transformers + Optimum Quanto
2048,128,6.83556360937655,18.725595622344663,24.527828216552734,Qwen/Qwen2.5-7B-Instruct,7.615,INT4,AMD Instinct MI300X,,qint4,Transformers + Optimum Quanto
4096,128,7.2330384543165565,17.696573965207076,24.651721954345703,Qwen/Qwen2.5-7B-Instruct,7.615,INT4,AMD Instinct MI300X,,qint4,Transformers + Optimum Quanto
8192,128,8.081538647413254,15.838568072797667,24.895732879638672,Qwen/Qwen2.5-7B-Instruct,7.615,INT4,AMD Instinct MI300X,,qint4,Transformers + Optimum Quanto
512,128,6.324598975479603,20.238437329584773,13.148418426513672,Qwen/Qwen2.5-7B-Instruct,7.615,INT2,AMD Instinct MI300X,,qint2,Transformers + Optimum Quanto
1024,128,6.421163618564606,19.934081671728723,13.18782901763916,Qwen/Qwen2.5-7B-Instruct,7.615,INT2,AMD Instinct MI300X,,qint2,Transformers + Optimum Quanto
2048,128,6.637050920166075,19.28567394459543,13.237160682678223,Qwen/Qwen2.5-7B-Instruct,7.615,INT2,AMD Instinct MI300X,,qint2,Transformers + Optimum Quanto
4096,128,7.025912052951753,18.218275297969914,13.361001014709473,Qwen/Qwen2.5-7B-Instruct,7.615,INT2,AMD Instinct MI300X,,qint2,Transformers + Optimum Quanto
8192,128,7.812604608014226,16.383780624031157,13.605984687805176,Qwen/Qwen2.5-7B-Instruct,7.615,INT2,AMD Instinct MI300X,,qint2,Transformers + Optimum Quanto
