model,parameters_b,context_tokens,precision_quantized,precision_baseline,peak_vram_gb_baseline,peak_vram_gb_quantized,vram_change_pct,vram_saved_pct,generation_tok_s_baseline,generation_tok_s_quantized,throughput_change_pct,throughput_ratio
Qwen/Qwen2.5-1.5B-Instruct,1.544,512,INT4,FP16,4.203003406524658,4.8243021965026855,14.782257587836725,-14.782257587836725,70.73992835740675,25.16839009433536,-64.42123892580938,0.3557876107419061
Qwen/Qwen2.5-1.5B-Instruct,1.544,1024,INT4,FP16,4.245750904083252,4.838097095489502,13.951505982995254,-13.951505982995254,70.9913163498229,25.78876221691681,-63.67335676685034,0.36326643233149664
Qwen/Qwen2.5-1.5B-Instruct,1.544,2048,INT4,FP16,4.336771488189697,4.8849921226501465,12.64121561289118,-12.64121561289118,70.36142691349045,25.87080269119475,-63.23155480771734,0.3676844519228265
Qwen/Qwen2.5-1.5B-Instruct,1.544,4096,INT4,FP16,4.5214715003967285,4.9321770668029785,9.083449190605611,-9.083449190605611,67.73594398796442,25.54501111083552,-62.28736235613037,0.37712637643869634
Qwen/Qwen2.5-1.5B-Instruct,1.544,8192,INT4,FP16,4.884462833404541,5.052387714385986,3.4379395792105814,-3.4379395792105814,58.13159497561889,24.484239970800022,-57.88135525772341,0.4211864474227658
Qwen/Qwen2.5-7B-Instruct,7.615,512,INT2,BF16,18.440184593200684,13.148418426513672,-28.696926215360158,28.696926215360158,66.78055153749618,20.238437329584773,-69.69411473305784,0.3030588526694216
Qwen/Qwen2.5-7B-Instruct,7.615,1024,INT2,BF16,18.536635398864743,13.18782901763916,-28.855324961255725,28.855324961255725,68.06710317300497,19.934081671728723,-70.71407369715351,0.29285926302846493
Qwen/Qwen2.5-7B-Instruct,7.615,2048,INT2,BF16,18.730252265930176,13.237160682678224,-29.327376402952872,29.327376402952872,68.83713123326422,19.28567394459543,-71.98361756354541,0.28016382436454584
Qwen/Qwen2.5-7B-Instruct,7.615,4096,INT2,BF16,19.10752773284912,13.361001014709473,-30.07467422517662,30.07467422517662,60.96392006555041,18.21827529796992,-70.1162994794609,0.29883700520539086
Qwen/Qwen2.5-7B-Instruct,7.615,8192,INT2,BF16,19.87199306488037,13.605984687805176,-31.531856702129524,31.531856702129524,43.84886225740773,16.383780624031157,-62.635790803754965,0.37364209196245035
Qwen/Qwen2.5-7B-Instruct,7.615,512,INT4,BF16,18.440184593200684,24.43785762786865,32.52501624565865,-32.52501624565865,66.78055153749618,19.55780296585332,-70.71332518888836,0.2928667481111164
Qwen/Qwen2.5-7B-Instruct,7.615,1024,INT4,BF16,18.536635398864743,24.482494354248047,32.07625778595965,-32.07625778595965,68.06710317300497,19.264518997162543,-71.69775398227503,0.2830224601772497
Qwen/Qwen2.5-7B-Instruct,7.615,2048,INT4,BF16,18.730252265930176,24.52782821655273,30.95300516143175,-30.95300516143175,68.83713123326422,18.725595622344663,-72.79724577874931,0.27202754221250697
Qwen/Qwen2.5-7B-Instruct,7.615,4096,INT4,BF16,19.10752773284912,24.651721954345703,29.01575912390361,-29.01575912390361,60.96392006555041,17.696573965207076,-70.97205372262948,0.29027946277370514
Qwen/Qwen2.5-7B-Instruct,7.615,8192,INT4,BF16,19.87199306488037,24.895732879638672,25.2805030595382,-25.2805030595382,43.84886225740773,15.838568072797669,-63.87918122066682,0.36120818779333175
Qwen/Qwen2.5-7B-Instruct,7.615,512,INT8,BF16,18.440184593200684,27.00535488128662,46.44839776302517,-46.44839776302517,66.78055153749618,31.38531105037684,-53.002318298083374,0.46997681701916616
Qwen/Qwen2.5-7B-Instruct,7.615,1024,INT8,BF16,18.536635398864743,27.03762626647949,45.86048484362691,-45.86048484362691,68.06710317300497,30.42855717889813,-55.29623597825458,0.44703764021745424
Qwen/Qwen2.5-7B-Instruct,7.615,2048,INT8,BF16,18.730252265930176,27.09659194946289,44.6675227047041,-44.6675227047041,68.83713123326422,29.133432112191056,-57.677736433454264,0.4232226356654573
Qwen/Qwen2.5-7B-Instruct,7.615,4096,INT8,BF16,19.10752773284912,27.21921157836914,42.452817334262676,-42.452817334262676,60.96392006555041,26.820001446960244,-56.00676364295062,0.43993236357049376
Qwen/Qwen2.5-7B-Instruct,7.615,8192,INT8,BF16,19.87199306488037,27.485651969909668,38.31351430212031,-38.31351430212031,43.84886225740773,22.90287352260814,-47.768602550824504,0.522313974491755
Qwen/Qwen2.5-14B-Instruct,14.77,512,INT4,BF16,31.82418632507324,19.45339107513428,-38.87230650165095,38.87230650165095,40.787783296371,10.516348989642392,-74.21691462556618,0.2578308537443382
Qwen/Qwen2.5-14B-Instruct,14.77,2048,INT4,BF16,32.28797721862793,19.700485229492188,-38.985074549277215,38.985074549277215,41.253715777472834,10.081676088560217,-75.56177450064885,0.24438225499351154
Qwen/Qwen2.5-14B-Instruct,14.77,4096,INT4,BF16,32.89985466003418,20.08892822265625,-38.93915815056862,38.93915815056862,35.607461611277806,9.545179153170436,-73.19331757659684,0.2680668242340316
Qwen/Qwen2.5-14B-Instruct,14.77,8192,INT4,BF16,34.11732292175293,20.87738037109375,-38.8070968552386,38.8070968552386,24.984717008549783,8.564939910604634,-65.71928388192788,0.3428071611807213
Qwen/Qwen2.5-32B-Instruct,32.76,512,INT4,BF16,65.40868949890137,28.38179302215576,-56.60852825581764,56.60852825581764,30.01051417810724,4.924211124948557,-83.59171357170287,0.16408286428297134
Qwen/Qwen2.5-32B-Instruct,32.76,2048,INT4,BF16,66.08634757995605,28.72066307067871,-56.54070148765542,56.54070148765542,27.20619904173087,4.798202686891195,-82.36356839288223,0.17636431607117772
Qwen/Qwen2.5-32B-Instruct,32.76,4096,INT4,BF16,66.9814281463623,29.22905731201172,-56.36244535105644,56.36244535105644,22.155603154369857,4.6059183681024605,-79.21104500739348,0.20788954992606523
Qwen/Qwen2.5-32B-Instruct,32.76,8192,INT4,BF16,68.76530265808105,30.26677703857422,-55.98539398703952,55.98539398703952,16.006211642508646,4.2721355594549495,-73.30951473795845,0.2669048526204155
