model,parameters_b,precision,quantization,context_tokens,peak_vram_gb,generation_tok_s,predicted_vram_gb,predicted_tok_s,vram_error_gb,throughput_error_tok_s
Qwen/Qwen2.5-0.5B-Instruct,0.5,BF16,none,512,5.104381561279297,77.0229856479928,6.268587217330933,56.7353880245638,1.164205656051636,-20.287597623429
Qwen/Qwen2.5-0.5B-Instruct,0.5,BF16,none,1024,5.127712249755859,76.61037612056906,6.31335236231486,58.86190115071207,1.1856401125590006,-17.748474969856986
Qwen/Qwen2.5-0.5B-Instruct,0.5,BF16,none,2048,5.174587249755859,78.31638281033526,6.407775716781616,57.35888006596342,1.233188467025757,-20.957502744371837
Qwen/Qwen2.5-0.5B-Instruct,0.5,BF16,none,4096,5.267910003662109,76.76465268781006,6.59371742884318,58.04628536436475,1.325807425181071,-18.718367323445307
Qwen/Qwen2.5-0.5B-Instruct,0.5,BF16,none,8192,5.455806732177734,77.71687363479685,6.96108590443929,43.830131023707985,1.505279172261556,-33.88674261108887
Qwen/Qwen2.5-3B-Instruct,3.086,BF16,none,512,9.964275360107422,55.06320410422422,8.184326607386271,72.41220501918191,-1.7799487527211504,17.349000914957692
Qwen/Qwen2.5-3B-Instruct,3.086,BF16,none,1024,10.022029876708984,57.41361276872864,8.223637933731078,72.6472166252712,-1.798391942977906,15.233603856542558
Qwen/Qwen2.5-3B-Instruct,3.086,BF16,none,2048,10.13686752319336,55.80633715879619,8.304754972457886,73.38066008667388,-1.8321125507354736,17.574322927877695
Qwen/Qwen2.5-3B-Instruct,3.086,BF16,none,4096,10.368783950805664,56.92963325532536,8.459104407628377,69.81241568292104,-1.9096795431772868,12.882782427595679
Qwen/Qwen2.5-3B-Instruct,3.086,BF16,none,8192,10.82143783569336,43.02441474472734,8.773862721125285,62.69692696514843,-2.0475751145680743,19.67251222042109
Qwen/Qwen2.5-7B-Instruct,7.615,BF16,none,512,18.440184593200684,66.78055153749618,18.85397248586019,49.97163734942344,0.41378789265950644,-16.80891418807274
Qwen/Qwen2.5-7B-Instruct,7.615,BF16,none,1024,18.536635398864743,68.06710317300497,18.95513188680013,51.32071261976771,0.4184964879353892,-16.746390553237255
Qwen/Qwen2.5-7B-Instruct,7.615,BF16,none,2048,18.730252265930176,68.83713123326422,19.14498546600342,50.615902199457494,0.4147332000732433,-18.221229033806722
Qwen/Qwen2.5-7B-Instruct,7.615,BF16,none,4096,19.10752773284912,60.96392006555041,19.531419372558595,49.32472536894848,0.4238916397094741,-11.639194696601933
Qwen/Qwen2.5-7B-Instruct,7.615,BF16,none,8192,19.87199306488037,43.84886225740773,20.29509777069092,36.59025588549058,0.42310470581054815,-7.258606371917153
Qwen/Qwen2.5-7B-Instruct,7.615,INT8,qint8,512,27.00535488128662,31.38531105037684,14.519373965263366,11.78619255204906,-12.485980916023255,-19.599118498327776
Qwen/Qwen2.5-7B-Instruct,7.615,INT8,qint8,1024,27.03762626647949,30.42855717889813,14.589351782798767,11.700862807659828,-12.448274483680722,-18.727694371238304
Qwen/Qwen2.5-7B-Instruct,7.615,INT8,qint8,2048,27.09659194946289,29.133432112191056,14.737439751625061,11.45006706078849,-12.35915219783783,-17.683365051402568
Qwen/Qwen2.5-7B-Instruct,7.615,INT8,qint8,4096,27.21921157836914,26.820001446960244,15.04251655737559,10.931831256168104,-12.17669502099355,-15.88817019079214
Qwen/Qwen2.5-7B-Instruct,7.615,INT8,qint8,8192,27.485651969909668,22.90287352260814,15.652827003796896,9.94461258248821,-11.832824966112772,-12.95826094011993
Qwen/Qwen2.5-7B-Instruct,7.615,INT4,qint4,512,24.43785762786865,19.55780296585332,12.902505257924398,11.78619255204906,-11.53535236994425,-7.771610413804259
Qwen/Qwen2.5-7B-Instruct,7.615,INT4,qint4,1024,24.482494354248047,19.264518997162543,12.96209062576294,11.700862807659828,-11.520403728485107,-7.563656189502716
Qwen/Qwen2.5-7B-Instruct,7.615,INT4,qint4,2048,24.52782821655273,18.725595622344663,13.085458885828654,11.45006706078849,-11.442369330724077,-7.275528561556174
Qwen/Qwen2.5-7B-Instruct,7.615,INT4,qint4,4096,24.651721954345703,17.696573965207076,13.34912745475769,10.931831256168104,-11.302594499588013,-6.764742709038972
Qwen/Qwen2.5-7B-Instruct,7.615,INT4,qint4,8192,24.895732879638672,15.838568072797669,13.881705153783162,9.94461258248821,-11.01402772585551,-5.893955490309459
Qwen/Qwen2.5-7B-Instruct,7.615,INT2,qint2,512,13.148418426513672,20.238437329584773,14.519373965263366,11.78619255204906,1.3709555387496941,-8.452244777535713
Qwen/Qwen2.5-7B-Instruct,7.615,INT2,qint2,1024,13.18782901763916,19.934081671728723,14.589351782798767,11.700862807659828,1.4015227651596067,-8.233218864068895
Qwen/Qwen2.5-7B-Instruct,7.615,INT2,qint2,2048,13.237160682678224,19.28567394459543,14.737439751625061,11.45006706078849,1.5002790689468366,-7.835606883806941
Qwen/Qwen2.5-7B-Instruct,7.615,INT2,qint2,4096,13.361001014709473,18.21827529796992,15.04251655737559,10.931831256168104,1.6815155426661175,-7.286444041801817
Qwen/Qwen2.5-7B-Instruct,7.615,INT2,qint2,8192,13.605984687805176,16.383780624031157,15.652827003796896,9.94461258248821,2.0468423159917197,-6.439168041542947
Qwen/Qwen2.5-14B-Instruct,14.77,BF16,none,512,31.82418632507324,40.787783296371,30.65199586868286,55.25927316488778,-1.1721904563903784,14.471489868516777
Qwen/Qwen2.5-14B-Instruct,14.77,BF16,none,1024,31.98867416381836,40.33071515481893,30.78661755243937,55.75010116884453,-1.202056611378989,15.419386014025598
Qwen/Qwen2.5-14B-Instruct,14.77,BF16,none,2048,32.28797721862793,41.253715777472834,31.042837047576903,55.792772479916955,-1.2451401710510268,14.539056702444121
Qwen/Qwen2.5-14B-Instruct,14.77,BF16,none,4096,32.89985466003418,35.607461611277806,31.55474184036255,48.80398076671395,-1.3451128196716304,13.196519155436143
Qwen/Qwen2.5-14B-Instruct,14.77,BF16,none,8192,34.11732292175293,24.984717008549783,32.58425355911255,35.21764056678906,-1.5330693626403828,10.232923558239275
Qwen/Qwen2.5-14B-Instruct,14.77,INT4,qint4,512,19.45339107513428,10.516348989642392,25.4632808303833,15.362839971460636,6.00988975524902,4.846490981818244
Qwen/Qwen2.5-14B-Instruct,14.77,INT4,qint4,2048,19.700485229492188,10.081676088560217,25.617965278625487,14.733076314181384,5.9174800491332995,4.651400225621167
Qwen/Qwen2.5-14B-Instruct,14.77,INT4,qint4,4096,20.08892822265625,9.545179153170436,25.841829147338867,13.943919360703667,5.752900924682617,4.398740207533232
Qwen/Qwen2.5-14B-Instruct,14.77,INT4,qint4,8192,20.87738037109375,8.564939910604634,26.292204360961914,12.522857418972672,5.4148239898681645,3.9579175083680376
Qwen/Qwen2.5-32B-Instruct,32.76,BF16,none,512,65.40868949890137,30.01051417810724,31.824186325073235,40.7877832963712,-33.58450317382813,10.777269118263963
Qwen/Qwen2.5-32B-Instruct,32.76,BF16,none,2048,66.08634757995605,27.20619904173087,32.28797721862793,41.25371577747305,-33.798370361328125,14.047516735742178
Qwen/Qwen2.5-32B-Instruct,32.76,BF16,none,4096,66.9814281463623,22.155603154369857,32.89985466003418,35.60746161127774,-34.081573486328125,13.451858456907885
Qwen/Qwen2.5-32B-Instruct,32.76,BF16,none,8192,68.76530265808105,16.006211642508646,34.11732292175293,24.984717008549712,-34.647979736328125,8.978505366041066
Qwen/Qwen2.5-32B-Instruct,32.76,INT4,qint4,512,28.38179302215576,4.924211124948557,19.45339107513428,10.51634898964235,-8.92840194702148,5.592137864693792
Qwen/Qwen2.5-32B-Instruct,32.76,INT4,qint4,2048,28.72066307067871,4.798202686891195,19.700485229492188,10.081676088560167,-9.020177841186523,5.283473401668972
Qwen/Qwen2.5-32B-Instruct,32.76,INT4,qint4,4096,29.22905731201172,4.6059183681024605,20.08892822265625,9.545179153170459,-9.140129089355469,4.939260785067998
Qwen/Qwen2.5-32B-Instruct,32.76,INT4,qint4,8192,30.26677703857422,4.2721355594549495,20.87738037109375,8.564939910604611,-9.389396667480469,4.292804351149662
Qwen/Qwen2.5-1.5B-Instruct,1.544,FP16,none,512,4.203003406524658,70.73992835740675,8.516769943237305,52.16539273995548,4.313766536712647,-18.574535617451275
Qwen/Qwen2.5-1.5B-Instruct,1.544,INT4,qint4,512,4.8243021965026855,25.16839009433536,10.027236738204955,21.727116588331977,5.20293454170227,-3.441273506003384
Qwen/Qwen2.5-1.5B-Instruct,1.544,FP16,none,1024,4.245750904083252,70.9913163498229,8.554409370422363,52.786981566185574,4.308658466339111,-18.20433478363732
Qwen/Qwen2.5-1.5B-Instruct,1.544,INT4,qint4,1024,4.838097095489502,25.78876221691681,10.06577880859375,21.55672372921811,5.227681713104248,-4.2320384876986985
Qwen/Qwen2.5-1.5B-Instruct,1.544,FP16,none,2048,4.336771488189697,70.36142691349045,8.62680643717448,52.73743192693953,4.290034948984783,-17.62399498655092
Qwen/Qwen2.5-1.5B-Instruct,1.544,INT4,qint4,2048,4.8849921226501465,25.87080269119475,10.135272572835287,21.05629811142004,5.250280450185141,-4.8145045797747095
Qwen/Qwen2.5-1.5B-Instruct,1.544,FP16,none,4096,4.5214715003967285,67.73594398796442,8.774291025797526,51.80152650635353,4.252819525400797,-15.934417481610886
Qwen/Qwen2.5-1.5B-Instruct,1.544,INT4,qint4,4096,4.9321770668029785,25.54501111083552,10.280452264149984,19.99026718550379,5.3482751973470055,-5.5547439253317314
Qwen/Qwen2.5-1.5B-Instruct,1.544,FP16,none,8192,4.884462833404541,58.13159497561889,9.065968151092529,47.08815412165741,4.1815053176879875,-11.043440853961478
Qwen/Qwen2.5-1.5B-Instruct,1.544,INT4,qint4,8192,5.052387714385986,24.484239970800022,10.567023315429687,18.14801468418979,5.5146356010437,-6.336225286610233
