parameters_b,context_tokens,gpu_vram_gb,precision_BF16,precision_FP16,precision_INT2,precision_INT4,precision_INT8,quantization_none,quantization_qint2,quantization_qint4,quantization_qint8,backend_Optimum Quanto,backend_Transformers,backend_Transformers + Optimum Quanto
0.5,512,192,1,0,0,0,0,1,0,0,0,0,1,0
0.5,1024,192,1,0,0,0,0,1,0,0,0,0,1,0
0.5,2048,192,1,0,0,0,0,1,0,0,0,0,1,0
0.5,4096,192,1,0,0,0,0,1,0,0,0,0,1,0
0.5,8192,192,1,0,0,0,0,1,0,0,0,0,1,0
3.086,512,192,1,0,0,0,0,1,0,0,0,0,1,0
3.086,1024,192,1,0,0,0,0,1,0,0,0,0,1,0
3.086,2048,192,1,0,0,0,0,1,0,0,0,0,1,0
3.086,4096,192,1,0,0,0,0,1,0,0,0,0,1,0
3.086,8192,192,1,0,0,0,0,1,0,0,0,0,1,0
7.615,512,192,1,0,0,0,0,1,0,0,0,0,1,0
7.615,1024,192,1,0,0,0,0,1,0,0,0,0,1,0
7.615,2048,192,1,0,0,0,0,1,0,0,0,0,1,0
7.615,4096,192,1,0,0,0,0,1,0,0,0,0,1,0
7.615,8192,192,1,0,0,0,0,1,0,0,0,0,1,0
7.615,512,192,0,0,0,0,1,0,0,0,1,0,0,1
7.615,1024,192,0,0,0,0,1,0,0,0,1,0,0,1
7.615,2048,192,0,0,0,0,1,0,0,0,1,0,0,1
7.615,4096,192,0,0,0,0,1,0,0,0,1,0,0,1
7.615,8192,192,0,0,0,0,1,0,0,0,1,0,0,1
7.615,512,192,0,0,0,1,0,0,0,1,0,0,0,1
7.615,1024,192,0,0,0,1,0,0,0,1,0,0,0,1
7.615,2048,192,0,0,0,1,0,0,0,1,0,0,0,1
7.615,4096,192,0,0,0,1,0,0,0,1,0,0,0,1
7.615,8192,192,0,0,0,1,0,0,0,1,0,0,0,1
7.615,512,192,0,0,1,0,0,0,1,0,0,0,0,1
7.615,1024,192,0,0,1,0,0,0,1,0,0,0,0,1
7.615,2048,192,0,0,1,0,0,0,1,0,0,0,0,1
7.615,4096,192,0,0,1,0,0,0,1,0,0,0,0,1
7.615,8192,192,0,0,1,0,0,0,1,0,0,0,0,1
14.77,512,192,1,0,0,0,0,1,0,0,0,0,1,0
14.77,1024,192,1,0,0,0,0,1,0,0,0,0,1,0
14.77,2048,192,1,0,0,0,0,1,0,0,0,0,1,0
14.77,4096,192,1,0,0,0,0,1,0,0,0,0,1,0
14.77,8192,192,1,0,0,0,0,1,0,0,0,0,1,0
14.77,512,192,0,0,0,1,0,0,0,1,0,0,0,1
14.77,2048,192,0,0,0,1,0,0,0,1,0,0,0,1
14.77,4096,192,0,0,0,1,0,0,0,1,0,0,0,1
14.77,8192,192,0,0,0,1,0,0,0,1,0,0,0,1
32.76,512,192,1,0,0,0,0,1,0,0,0,0,1,0
32.76,2048,192,1,0,0,0,0,1,0,0,0,0,1,0
32.76,4096,192,1,0,0,0,0,1,0,0,0,0,1,0
32.76,8192,192,1,0,0,0,0,1,0,0,0,0,1,0
32.76,512,192,0,0,0,1,0,0,0,1,0,0,0,1
32.76,2048,192,0,0,0,1,0,0,0,1,0,0,0,1
32.76,4096,192,0,0,0,1,0,0,0,1,0,0,0,1
32.76,8192,192,0,0,0,1,0,0,0,1,0,0,0,1
1.544,512,192,0,1,0,0,0,1,0,0,0,0,1,0
1.544,512,192,0,0,0,1,0,0,0,1,0,1,0,0
1.544,1024,192,0,1,0,0,0,1,0,0,0,0,1,0
1.544,1024,192,0,0,0,1,0,0,0,1,0,1,0,0
1.544,2048,192,0,1,0,0,0,1,0,0,0,0,1,0
1.544,2048,192,0,0,0,1,0,0,0,1,0,1,0,0
1.544,4096,192,0,1,0,0,0,1,0,0,0,0,1,0
1.544,4096,192,0,0,0,1,0,0,0,1,0,1,0,0
1.544,8192,192,0,1,0,0,0,1,0,0,0,0,1,0
1.544,8192,192,0,0,0,1,0,0,0,1,0,1,0,0
